{"cameraMode":{"drawMode":0,"name":"Shaded","section":"Shading Mode"},"sceneLighting":true,"audioPlay":false,"sceneViewState":{"m_AlwaysRefresh":false,"showFog":true,"showSkybox":true,"showFlares":true,"showImageEffects":true,"showParticleSystems":true,"showVisualEffectGraphs":true,"m_FxEnabled":true},"in2DMode":false,"pivot":{"x":0.22478437423706056,"y":-1.1989006996154786,"z":1.3480143547058106},"rotation":{"x":0.5672071576118469,"y":-0.2688206732273102,"z":0.2028791755437851,"w":0.7515701651573181},"size":1.503513216972351,"orthographic":false}